series,wiki_title,action,set_series,set_wiki_title,full_name,operator_jp,operator_en,commons_prefix,commons_root_category,commons_operator_roots,needs_review,reason
E001形,TRAIN SUITE 四季島,set,,,JR東日本E001形クルーズトレイン「TRAIN SUITE 四季島」,,,JR East E001,JR East E001,{'JR East': 'JR East E001'},False,manual full name and existing Commons root
481系,国鉄485系電車,set,,,,,,JNR 485,JNR 485,{'JR East': 'JNR 485'},False,481/483/485/489 share Commons category
921形,ドクターイエロー#921形,set,922形,,,['国鉄'],['JNR'],Shinkansen 922,Shinkansen 922,{'JNR': 'Shinkansen 922'},False,manual correction from 921 to 922
952形,新幹線952形・953形電車,set,952/953形,,,,,Shinkansen 952,Shinkansen 952/953,{'JR East': 'Shinkansen 952/953'},False,merge 952 and 953
953形,新幹線952形・953形電車,exclude,,,,,,,,,,merged into 952/953形
キハ100系,JR東日本キハ100系・キハ110系気動車,set,,,,,,JR East KiHa 100 series,JR East KiHa 100 series,{'JR East': 'JR East KiHa 100 series'},False,manual completion
キハ110系,JR東日本キハ100系・キハ110系気動車,set,,,,,,JR East KiHa 110 series,JR East KiHa 110 series,{'JR East': 'JR East KiHa 110 series'},False,manual completion
EF510形,JR貨物EF510形電気機関車,set,,,,"['JR東日本', 'JR貨物']","['JR East', 'JR Freight']",JR Freight EF510,JR Freight EF510,"{'JR East': 'JR East EF510-500', 'JR Freight': 'JR Freight EF510'}",False,manual multi-operator root
415系,JR西日本415系電車,set,,国鉄415系電車,,"['国鉄', 'JR東日本', 'JR西日本', 'JR九州']","['JNR', 'JR East', 'JR West', 'JR Kyushu']",JNR 415,JNR 415,"{'JR East': 'JNR 415', 'JR West': 'JNR 415', 'JR Kyushu': 'JNR 415'}",False,keep existing JNR 415 mapping and add JR West/JR Kyushu operators
L0系,L0系,set,,,,['JR東海'],['JR Central'],Shinkansen L0,Shinkansen L0,{'JR Central': 'Shinkansen L0'},False,manual Commons root
87系,JR西日本87系気動車,set,,,,['JR西日本'],['JR West'],Twilight Express Mizukaze,Twilight Express Mizukaze,{'JR West': 'Twilight Express Mizukaze'},False,manual Commons root
キハ121系,JR西日本キハ126系気動車,set,,,,['JR西日本'],['JR West'],JR West Kiha 126,JR West Kiha 126,{'JR West': 'JR West Kiha 126'},False,covered by Kiha 126 Commons category
キハ122系,JR西日本キハ127系気動車,set,,,,['JR西日本'],['JR West'],JR West Kiha 127,JR West Kiha 127,{'JR West': 'JR West Kiha 127'},False,covered by Kiha 127 Commons category
DEC743形,JR西日本DEC743形気動車,exclude,,,,,,,,,,excluded by manual review
国鉄DF50形,国鉄DF50形ディーゼル機関車,set,,,,['JR西日本'],['JR West'],JNR DF50,JNR DF50,{'JR West': 'JNR DF50'},False,manual Commons root
キハ181系,国鉄キハ181系気動車,set,,,,,,JNR Kiha 181 series,JNR Kiha 181 series,"{'JR West': 'JNR Kiha 181 series (JR West)', 'JR Shikoku': 'JNR Kiha 181 series (JR Shikoku)'}",False,replace empty exact-match category with populated series root
911形,新幹線911形ディーゼル機関車,set,,,,['JR東海'],['JR Central'],Shinkansen 911,Shinkansen 911,{'JR Central': 'Shinkansen 911'},False,manual Commons root
912形,新幹線912形ディーゼル機関車,set,,,,['JR西日本'],['JR West'],Shinkansen 912,Shinkansen 912,{'JR West': 'Shinkansen 912'},False,manual Commons root
931形,新幹線931形貨車,exclude,,,,,,,,,,excluded by manual review
931形,国鉄ホキ800形貨車#新幹線931形貨車,exclude,,,,,,,,,,covered by the freight-car parent series
935形,国鉄ワキ1000形貨車#改造,exclude,,,,,,,,,,covered by the freight-car parent series
DD19形,国鉄DD17形ディーゼル機関車#DD19形,set,,,,,,JR East DD19,JR East DD19,{'JR East': 'JR East DD19'},False,manual completion
キハ141系,JR北海道キハ141系気動車,set,,,,['JR北海道'],['JR Hokkaido'],JR Hokkaido Kiha 141,JR Hokkaido Kiha 141,{'JR Hokkaido': 'JR Hokkaido Kiha 141'},False,manual completion
キヤ291形,JR北海道キヤ291形気動車,exclude,,,,,,,,,,excluded by manual review
DBR600形,JR北海道DBR600形ディーゼル機関車,set,,,,['JR北海道'],['JR Hokkaido'],HTR600,HTR600,{'JR Hokkaido': 'HTR600'},False,manual Commons root
キハ183系,JR九州キハ183系気動車,set,,,,"['JR北海道', 'JR九州']","['JR Hokkaido', 'JR Kyushu']",JNR Kiha 183 series,JNR Kiha 183 series,"{'JR Hokkaido': 'JNR Kiha 183 series', 'JR Kyushu': 'JNR Kiha 183 series'}",False,temporary shared root before operator-specific split
キクハ32形,国鉄キハ32形気動車#キクハ32形,set,,,,['JR四国'],['JR Shikoku'],JR Shikoku Kikuha 32,JR Shikoku Kikuha 32,{'JR Shikoku': 'JR Shikoku Kikuha 32'},False,avoid numeric fallback to unrelated JNR 32 passenger-car category
キハ56系,国鉄キハ56系気動車,exclude,,,,,,,,,,covered by キハ58系
キハ22形,国鉄キハ20系気動車,exclude,,,,,,,,,,covered by キハ20系
キハ400系,国鉄キハ40系気動車 (2代),exclude,,,,,,,,,,covered by キハ40系
7200系,国鉄121系電車#JR四国7200系電車,set,,,,['JR四国'],['JR Shikoku'],JR Shikoku 7200,JR Shikoku 7200,{'JR Shikoku': 'JR Shikoku 7200'},False,manual Commons root
9000系,JR東海キヤ97形気動車#JR四国9000系気動車,exclude,,,,,,,,,,covered by キヤ97系
キハ57形,国鉄キハ57系気動車,exclude,,,,,,,,,,covered by キハ58系
2R形,かんぱち・いちろく,exclude,,,,,,,,,,キハ48改造車
キハ140系,国鉄キハ40系気動車 (2代)#機関換装・高出力化（キハ140系）,exclude,,,,,,,,,,covered by キハ40系
DD17形,国鉄DD17形ディーゼル機関車,exclude,,,,,,,,,,no Commons root; old crawler skipped rootless rows
DD18形,JR東日本DD18形ディーゼル機関車,exclude,,,,,,,,,,no Commons root; old crawler skipped rootless rows
483系,国鉄485系電車,exclude,,,,,,,,,,covered by 485系/JNR 485; old crawler skipped rootless row
453系,国鉄457系電車,exclude,,,,,,,,,,covered by 457系/JNR 457; old crawler skipped rootless row
901系,JR東日本209系電車,exclude,,,,,,,,,,covered by 209系; old crawler skipped rootless row
クモヤ743形,JR東日本クモヤ743形電車,exclude,,,,,,,,,,no Commons root; old crawler skipped rootless rows
ED500形,JR貨物ED500形電気機関車,exclude,,,,,,,,,,no Commons root; old crawler skipped rootless rows
285系,JR西日本285系電車,set,,,,"['JR東海', 'JR西日本']","['JR Central', 'JR West']",JR West 285,JR West/Central 285,"{'JR Central': 'JR West/Central 285', 'JR West': 'JR West/Central 285'}",False,root name doesn't follow rules.
